{
  "episode_data": {
    "0": {
      "total_reward": -151.04000000000093,
      "steps": 523,
      "capture_success": 1,
      "explored_cells": 0,
      "mode_switches": 606,
      "explored_percentage": 0.4670138888888889,
      "avg_q_value": 0.14421442089831993
    },
    "1": {
      "total_reward": -10.880000000000251,
      "steps": 222,
      "capture_success": 1,
      "explored_cells": 0,
      "mode_switches": 578,
      "explored_percentage": 0.3003472222222222,
      "avg_q_value": 0.1892961437782545
    },
    "2": {
      "total_reward": 17.46000000000018,
      "steps": 142,
      "capture_success": 1,
      "explored_cells": 0,
      "mode_switches": 215,
      "explored_percentage": 0.203125,
      "avg_q_value": 1.078230655112234
    },
    "3": {
      "total_reward": -62.990000000000535,
      "steps": 299,
      "capture_success": 1,
      "explored_cells": 0,
      "mode_switches": 631,
      "explored_percentage": 0.3363715277777778,
      "avg_q_value": 1.7912695899368147
    },
    "4": {
      "total_reward": -113.54000000000055,
      "steps": 396,
      "capture_success": 1,
      "explored_cells": 0,
      "mode_switches": 712,
      "explored_percentage": 0.3958333333333333,
      "avg_q_value": 4.213851419380058
    },
    "5": {
      "total_reward": -26.36000000000012,
      "steps": 405,
      "capture_success": 1,
      "explored_cells": 0,
      "mode_switches": 537,
      "explored_percentage": 0.3884548611111111,
      "avg_q_value": 3.451059049461037
    },
    "6": {
      "total_reward": -24.33000000000015,
      "steps": 387,
      "capture_success": 1,
      "explored_cells": 0,
      "mode_switches": 712,
      "explored_percentage": 0.4236111111111111,
      "avg_q_value": 3.6514083920789995
    },
    "7": {
      "total_reward": -82.37000000000091,
      "steps": 292,
      "capture_success": 1,
      "explored_cells": 0,
      "mode_switches": 680,
      "explored_percentage": 0.3055555555555556,
      "avg_q_value": 4.588334690835287
    },
    "8": {
      "total_reward": -155.94000000000122,
      "steps": 372,
      "capture_success": 1,
      "explored_cells": 0,
      "mode_switches": 735,
      "explored_percentage": 0.3841145833333333,
      "avg_q_value": 6.1909365800962055
    },
    "9": {
      "total_reward": 4.0600000000000485,
      "steps": 596,
      "capture_success": 1,
      "explored_cells": 0,
      "mode_switches": 1342,
      "explored_percentage": 0.5434027777777778,
      "avg_q_value": 4.258032989560389
    },
    "10": {
      "total_reward": 39.92000000000011,
      "steps": 190,
      "capture_success": 1,
      "explored_cells": 0,
      "mode_switches": 494,
      "explored_percentage": 0.2760416666666667,
      "avg_q_value": 6.4922190536274
    },
    "11": {
      "total_reward": -173.26000000000096,
      "steps": 290,
      "capture_success": 1,
      "explored_cells": 0,
      "mode_switches": 485,
      "explored_percentage": 0.3233506944444444,
      "avg_q_value": 13.68747251943166
    },
    "12": {
      "total_reward": 0,
      "steps": 1000,
      "capture_success": 0,
      "explored_cells": 0,
      "mode_switches": 1136,
      "explored_percentage": 0.6506076388888888,
      "avg_q_value": 0
    },
    "13": {
      "total_reward": -7.9700000000001125,
      "steps": 351,
      "capture_success": 1,
      "explored_cells": 0,
      "mode_switches": 884,
      "explored_percentage": 0.3650173611111111,
      "avg_q_value": 6.8321586036489075
    },
    "14": {
      "total_reward": -108.600000000001,
      "steps": 180,
      "capture_success": 1,
      "explored_cells": 0,
      "mode_switches": 203,
      "explored_percentage": 0.20963541666666666,
      "avg_q_value": 11.739282753194372
    },
    "15": {
      "total_reward": 50.97000000000007,
      "steps": 83,
      "capture_success": 1,
      "explored_cells": 0,
      "mode_switches": 174,
      "explored_percentage": 0.1623263888888889,
      "avg_q_value": 7.06995331932226
    },
    "16": {
      "total_reward": -21.100000000000165,
      "steps": 397,
      "capture_success": 1,
      "explored_cells": 0,
      "mode_switches": 1035,
      "explored_percentage": 0.4292534722222222,
      "avg_q_value": 11.016171493700572
    },
    "17": {
      "total_reward": -23.930000000000252,
      "steps": 286,
      "capture_success": 1,
      "explored_cells": 0,
      "mode_switches": 476,
      "explored_percentage": 0.37109375,
      "avg_q_value": 14.457756429988473
    },
    "18": {
      "total_reward": -44.94000000000052,
      "steps": 179,
      "capture_success": 1,
      "explored_cells": 0,
      "mode_switches": 329,
      "explored_percentage": 0.21354166666666666,
      "avg_q_value": 9.93733800153442
    },
    "19": {
      "total_reward": -14.350000000000023,
      "steps": 165,
      "capture_success": 1,
      "explored_cells": 0,
      "mode_switches": 314,
      "explored_percentage": 0.22178819444444445,
      "avg_q_value": 6.754472985129426
    },
    "20": {
      "total_reward": -21.490000000000013,
      "steps": 232,
      "capture_success": 1,
      "explored_cells": 0,
      "mode_switches": 516,
      "explored_percentage": 0.2599826388888889,
      "avg_q_value": 10.504704771982345
    },
    "21": {
      "total_reward": 41.81000000000009,
      "steps": 97,
      "capture_success": 1,
      "explored_cells": 0,
      "mode_switches": 147,
      "explored_percentage": 0.1714409722222222,
      "avg_q_value": 5.1426683398833966
    },
    "22": {
      "total_reward": -143.02000000000103,
      "steps": 204,
      "capture_success": 1,
      "explored_cells": 0,
      "mode_switches": 189,
      "explored_percentage": 0.21744791666666666,
      "avg_q_value": 18.805400860937016
    },
    "23": {
      "total_reward": 55.02000000000004,
      "steps": 479,
      "capture_success": 1,
      "explored_cells": 0,
      "mode_switches": 1120,
      "explored_percentage": 0.4891493055555556,
      "avg_q_value": 7.4645231657084965
    },
    "24": {
      "total_reward": -46.680000000000625,
      "steps": 219,
      "capture_success": 1,
      "explored_cells": 0,
      "mode_switches": 542,
      "explored_percentage": 0.2643229166666667,
      "avg_q_value": 7.351584255695343
    },
    "25": {
      "total_reward": 16.98000000000016,
      "steps": 121,
      "capture_success": 1,
      "explored_cells": 0,
      "mode_switches": 159,
      "explored_percentage": 0.1814236111111111,
      "avg_q_value": 11.942338057866333
    },
    "26": {
      "total_reward": -188.5900000000011,
      "steps": 816,
      "capture_success": 1,
      "explored_cells": 0,
      "mode_switches": 1171,
      "explored_percentage": 0.5889756944444444,
      "avg_q_value": 11.118820735329578
    },
    "27": {
      "total_reward": -75.22000000000071,
      "steps": 176,
      "capture_success": 1,
      "explored_cells": 0,
      "mode_switches": 360,
      "explored_percentage": 0.2209201388888889,
      "avg_q_value": 11.292831742918336
    },
    "28": {
      "total_reward": -89.23000000000083,
      "steps": 275,
      "capture_success": 1,
      "explored_cells": 0,
      "mode_switches": 625,
      "explored_percentage": 0.3441840277777778,
      "avg_q_value": 13.608333923271536
    },
    "29": {
      "total_reward": -138.3200000000009,
      "steps": 840,
      "capture_success": 1,
      "explored_cells": 0,
      "mode_switches": 2244,
      "explored_percentage": 0.6158854166666666,
      "avg_q_value": 12.94279422651055
    },
    "30": {
      "total_reward": -111.66000000000074,
      "steps": 486,
      "capture_success": 1,
      "explored_cells": 0,
      "mode_switches": 682,
      "explored_percentage": 0.4136284722222222,
      "avg_q_value": 18.046882029113874
    },
    "31": {
      "total_reward": -73.77000000000068,
      "steps": 197,
      "capture_success": 1,
      "explored_cells": 0,
      "mode_switches": 218,